case_id,lab_test_number,test_code,tank_capacity_kg,nominal_working_pressure_mpa,tank_volume_assumed_m3,effective_volume_multiplier,gas_liner_ua_multiplier,dispenser_flow_area_multiplier,precooler_duty_multiplier,chamber_temperature_c,scheduled_aprr_mpa_min,experimental_duration_s,experimental_final_pressure_mpa,model_target_pressure_mpa,experimental_peak_temperature_c,experimental_final_soc_percent,predicted_final_pressure_mpa,predicted_peak_temperature_c,predicted_final_soc_percent,predicted_peak_mass_flow_g_s,mass_flow_rmse_g_s,mass_flow_peak_error_g_s,experimental_first_half_mass_fraction,predicted_first_half_mass_fraction,active_fueling_duration_s,active_pressure_reference_tracking_rmse_mpa,active_pressure_reference_final_lag_mpa,active_hose_inlet_temperature_rmse_c,active_precooler_outlet_temperature_rmse_c,active_dispatch_sample_counts,bank_pressures_at_active_end_mpa,experimental_transferred_mass_kg,predicted_transferred_mass_kg,final_fueling_phase,final_stop_reason,controller_final_stop_reason,first_stop_time_s,first_stop_reason,sample_count,pressure_rmse_mpa,pressure_mae_mpa,pressure_final_error_mpa,temperature_rmse_c,temperature_mae_c,temperature_peak_error_c,soc_rmse_percentage_points,soc_final_error_percentage_points,screening_pass,volume_assumption
H2P-L01,1,1-2 B,4.7,70.0,0.122,1.052729261198358,31.460656519273492,2.0,1.0,20.0,18.0,284.99999998603016,80.958,80.958,66.326,99.2,76.11216730064315,80.55363846504059,91.93289239429413,54.477943460896824,9.863034071336921,28.732807026181913,0.5343039812434444,0.5368216026247083,284.99999998603016,7.144823698295495,4.845832699356848,16.146754502790245,17.738690355475775,"{'low': 87, 'none': 29, 'medium': 33, 'high': 42}","{'low': 29.781571937684717, 'medium': 52.626627800718616, 'high': 76.78711090044206}",4.781201500286116,4.46514617685248,filling,,,,,191,3.599658677010377,2.550979536320189,-4.845832699356848,9.439126902179233,7.455681334827003,14.218175136241314,3.034384459787939,-7.267107605705874,False,"0.122 m3 per 4.7 kg nominal capacity, linearly scaled"
H2P-L04,4,1-3 B,4.7,70.0,0.122,1.052729261198358,31.460656519273492,2.0,1.0,40.0,5.0,987.0000000111759,78.723,78.723,72.008,99.3,70.32972064319664,85.01417835799788,85.85845330745548,17.419160947858156,2.844980200118554,5.140066843442035,0.5426314130401777,0.6974351151041537,816.0000197589397,1.5813453572306588,-0.1890293026940384,20.06998462196526,24.27914904826457,"{'low': 231, 'none': 2, 'medium': 172, 'high': 140}","{'low': 30.121253984201477, 'medium': 52.5191519309742, 'high': 79.31469550919522}",5.184070496886783,4.2180291501684275,idle,safety-temperature,operator-idle,817.5000197952613,gas-temperature-limit,659,4.223595189761257,3.8154934495867026,-8.393279356803362,24.711260642408696,21.361827003962127,13.006178357997882,4.372345589180895,-13.44154669254452,False,"0.122 m3 per 4.7 kg nominal capacity, linearly scaled"
H2P-L11,11,3-1 B,4.7,70.0,0.122,1.052729261198358,31.460656519273492,2.0,1.0,40.0,15.2,323.03000015672296,77.544,77.544,76.83966666666667,94.69999999999999,52.443689326046595,85.06194365050976,68.86663287423747,44.25223391230489,8.513495145899702,23.429375263885564,0.5497029679490744,0.7519208377621721,210.49991687759757,6.9637900335483165,2.916915104831851,21.54860254073504,31.06002541884803,"{'low': 293, 'none': 2, 'medium': 123, 'high': 4}","{'low': 29.397801306123824, 'medium': 52.280583883525985, 'high': 89.51646112267329}",4.358603800280811,3.3882842721658504,idle,safety-temperature,operator-idle,210.99991668015718,gas-temperature-limit,647,9.450894406862448,5.41062095201566,-25.100310673953402,8.796088845964611,7.721536961889472,8.222276983843088,9.981127737050574,-25.83336712576252,False,"0.122 m3 per 4.7 kg nominal capacity, linearly scaled"
H2P-L13,13,4-1 B,9.8,70.0,0.25438297872340426,1.052729261198358,31.460656519273492,2.0,1.0,20.0,19.4,327.0000003743917,72.609,72.609,75.67566666666669,90.5,56.137803628233115,85.07292807020445,72.57518847996731,60.0,16.865652100406457,18.017000000000003,0.5220652704130063,0.6474297845429823,216.49991450831294,18.375476249686393,16.52593061808107,11.821749494405301,16.715343431989123,"{'low': 274, 'none': 2, 'medium': 105, 'high': 53}","{'low': 22.999508091125588, 'medium': 42.65633401872054, 'high': 72.49946310853191}",8.450711110565393,7.285494044708287,idle,safety-temperature,operator-idle,216.99991431087255,gas-temperature-limit,584,6.005588911662408,3.4894181345179183,-16.47119637176688,6.939946030102642,5.5980564552997345,9.397261403537769,6.5898867706860145,-17.92481152003269,False,"0.122 m3 per 4.7 kg nominal capacity, linearly scaled"
H2P-L19,19,6-1 A,5.9,35.0,0.15314893617021275,1.052729261198358,31.460656519273492,2.0,1.0,40.0,11.5,206.9999999832362,31.967,31.967,72.75,80.06700167504187,31.977141633016842,79.17490812187162,78.13789270957666,32.61892998965433,11.03534133030522,1.6558846855798848,0.3200391294818121,0.4431036947227651,195.99992260336876,6.550870308477611,0.11995308281277062,18.25741659574959,27.589831907731124,"{'low': 358, 'none': 1, 'medium': 34}","{'low': 27.50998364924665, 'medium': 60.68232072946349, 'high': 89.99999999999996}",4.226847998437984,2.74499199054811,idle,vehicle-target,operator-idle,196.49992240592837,target-pressure,415,2.2512311993635845,1.8232243569027444,0.010141633016843343,4.804058809186932,4.272719447167979,6.424908121871624,4.849557505323416,-1.929108965465204,True,"0.122 m3 per 4.7 kg nominal capacity, linearly scaled"
H2P-L22,22,7-1 D,4.7,70.0,0.122,1.052729261198358,31.460656519273492,2.0,1.0,20.0,21.8,286.99999982491136,79.331,79.331,77.82233333333333,95.8,62.63385142318627,85.01225868979742,78.84557910540921,59.554734771045624,10.290485978018427,30.243684883724363,0.6672320738194344,0.7950540762126024,172.4999318830669,10.14122843068709,1.0275647623426494,13.523965425387852,20.028191242879423,"{'low': 235, 'none': 2, 'medium': 84, 'high': 25}","{'low': 29.127742013363935, 'medium': 52.38811426181614, 'high': 83.71404701993795}",4.576791750410967,3.9953329487355416,idle,safety-temperature,operator-idle,172.9999316856265,gas-temperature-limit,575,7.175675175229589,4.863619264607987,-16.69714857681373,8.743296182369914,7.544510979128735,7.189925356464087,7.5447715606782,-16.954420894590783,False,"0.122 m3 per 4.7 kg nominal capacity, linearly scaled"
H2P-L29,29,9-1 A,4.6,70.0,0.11940425531914892,1.052729261198358,31.460656519273492,2.0,1.0,20.0,21.8,198.99999999906868,68.94,68.94,40.3045,93.30000000000001,69.04655524689642,64.48695160813918,88.46341586797108,59.48621444388485,11.697913517277373,29.708162797436266,0.3822358251297918,0.4412167476793387,179.9999289214611,9.892334335098017,-1.1984369184399242,11.285822722389451,6.5571078757296934,"{'low': 229, 'none': 2, 'medium': 83, 'high': 47}","{'low': 29.55939198625531, 'medium': 52.54041691298486, 'high': 80.47551754912402}",4.183653503219155,4.193394648164029,idle,vehicle-target,operator-idle,180.49992872402072,target-pressure,399,2.59820022814802,1.8707214507090588,0.10655524689641993,18.698028571114538,16.52479879358587,24.182451608139182,2.589341193883983,-4.836584132028932,False,"0.122 m3 per 4.7 kg nominal capacity, linearly scaled"
H2P-L31,31,10-1 A,4.7,70.0,0.122,1.052729261198358,31.460656519273492,2.0,1.0,40.0,3.3,1660.9100001398474,83.769,83.769,76.86900000000001,100.2,33.5896994604363,85.0159187704781,47.970015856654925,11.44866899088854,2.1508414743422466,6.474655779773068,0.695894807338235,1.0,543.4997853823006,1.058096831493515,-1.0594094744570128,13.929093656593063,18.948224272508895,"{'low': 1017, 'none': 1, 'medium': 70}","{'low': 30.113717964649933, 'medium': 62.24743826269235, 'high': 89.99999999999996}",4.2929761844730585,2.2211705640144626,idle,safety-temperature,operator-idle,543.9997851848602,gas-temperature-limit,3191,27.3575600612093,20.449852350367824,-50.179300539563705,14.712464220437667,13.898363592573943,8.14691877047808,30.077610212988542,-52.22998414334508,False,"0.122 m3 per 4.7 kg nominal capacity, linearly scaled"
H2P-L01,1,1-2 B,4.7,70.0,0.122,1.052729261198358,31.460656519273492,2.0,2.0,20.0,18.0,284.99999998603016,80.958,80.958,66.326,99.2,76.10138334194868,79.34093417386481,92.14259588414538,54.41326188869866,9.931987729744717,28.66812563067577,0.5343039812434444,0.5367043587193914,284.99999998603016,7.1610910462761215,4.856616658051323,15.60410655447784,17.553748357772115,"{'low': 87, 'none': 29, 'medium': 33, 'high': 42}","{'low': 29.772530495998765, 'medium': 52.583342068932936, 'high': 76.73689247473607}",4.781201500286116,4.4766894719735015,filling,,,,,191,3.5988193495896508,2.551363994178736,-4.856616658051323,8.706789986520501,6.862188319853358,13.005448682989282,3.0608218965546254,-7.057404115854624,False,"0.122 m3 per 4.7 kg nominal capacity, linearly scaled"
H2P-L04,4,1-3 B,4.7,70.0,0.122,1.052729261198358,31.460656519273492,2.0,2.0,40.0,5.0,987.0000000111759,78.723,78.723,72.008,99.3,71.76036872346342,85.0163209290057,87.1178454293287,17.434995014609466,2.7852605704072566,5.155900849326024,0.5426314130401777,0.6876032545713947,835.5000202311203,1.564291860519293,0.002557729099535777,19.77732054394199,24.049104893246984,"{'low': 231, 'none': 2, 'medium': 172, 'high': 153}","{'low': 30.13548664124893, 'medium': 52.52566526939401, 'high': 78.59784846496116}",5.184070496886783,4.282873573659731,idle,safety-temperature,operator-idle,837.0000202674419,gas-temperature-limit,659,4.1222119810082605,3.7471166244137724,-6.962631276536584,24.563237852997457,21.227728886850844,13.008320929005706,4.00674425510516,-12.182154570671301,False,"0.122 m3 per 4.7 kg nominal capacity, linearly scaled"
H2P-L11,11,3-1 B,4.7,70.0,0.122,1.052729261198358,31.460656519273492,2.0,2.0,40.0,15.2,323.03000015672296,77.544,77.544,76.83966666666667,94.69999999999999,54.839360909523116,85.0870658772156,71.2830275626677,44.20051625303332,8.673364402406264,23.379109716766482,0.5497029679490744,0.7262385954082407,213.49991569295526,6.929669915090247,1.2160213609090462,21.145709430177497,30.86383220004228,"{'low': 293, 'none': 2, 'medium': 122, 'high': 11}","{'low': 29.39122911966455, 'medium': 52.27052200378844, 'high': 87.94820227092426}",4.358603800280811,3.512517645599027,idle,safety-temperature,operator-idle,213.99991549551487,gas-temperature-limit,647,8.254645005642363,4.653843253484891,-22.70463909047688,8.732803699217461,7.640789946160006,8.24739921054892,8.744980252714182,-23.41697243733229,False,"0.122 m3 per 4.7 kg nominal capacity, linearly scaled"
H2P-L13,13,4-1 B,9.8,70.0,0.25438297872340426,1.052729261198358,31.460656519273492,2.0,2.0,20.0,19.4,327.0000003743917,72.609,72.609,75.67566666666669,90.5,63.439310417099335,84.95812265624323,80.16205859261306,60.0,14.994210077377744,18.017000000000003,0.5220652704130063,0.5786123661388515,327.0000003743917,16.103757473978714,9.16968958290066,15.005495705576456,13.983614077754195,"{'low': 275, 'none': 163, 'medium': 105, 'high': 113}","{'low': 23.175137245369605, 'medium': 42.78774368011595, 'high': 64.3054115651923}",8.450711110565393,8.089556092966436,filling,,,,,584,3.4960595191560673,2.2697330074523374,-9.16968958290066,5.879790598536475,4.77248112642735,9.282455784643105,3.662983459269778,-10.337941407386936,False,"0.122 m3 per 4.7 kg nominal capacity, linearly scaled"
H2P-L19,19,6-1 A,5.9,35.0,0.15314893617021275,1.052729261198358,31.460656519273492,2.0,2.0,40.0,11.5,206.9999999832362,31.967,31.967,72.75,80.06700167504187,31.961664636695307,78.67714377953484,78.2021564888137,32.62920164389093,11.025780548643514,1.6661592258062257,0.3200391294818121,0.44278837153652945,195.99992260336876,6.557552770048952,0.135543681257559,18.01099819503411,27.578243611437017,"{'low': 358, 'none': 1, 'medium': 34}","{'low': 27.49940786138619, 'medium': 60.67302708003456, 'high': 89.99999999999996}",4.226847998437984,2.747487696997604,idle,vehicle-target,operator-idle,196.49992240592837,target-pressure,415,2.2433161798912034,1.8161667051231347,-0.005335363304691754,4.579459319889909,4.088880016538007,5.927143779534845,4.8618700682415605,-1.864845186228166,True,"0.122 m3 per 4.7 kg nominal capacity, linearly scaled"
H2P-L22,22,7-1 D,4.7,70.0,0.122,1.052729261198358,31.460656519273492,2.0,2.0,20.0,21.8,286.99999982491136,79.331,79.331,77.82233333333333,95.8,67.85371265508834,85.03804382615908,83.64442720724358,59.523768128414844,9.732279052409394,30.21272847453097,0.6672320738194344,0.750337386795073,181.49992832913995,9.9078723150469,-1.0306445710682368,12.975801170123058,19.538338919430867,"{'low': 235, 'none': 2, 'medium': 84, 'high': 43}","{'low': 29.13163115038611, 'medium': 52.346379085281384, 'high': 80.85939398795853}",4.576791750410967,4.241484836069235,idle,safety-temperature,operator-idle,181.99992813169956,gas-temperature-limit,575,4.447478484139973,3.077225251166677,-11.477287344911659,8.683610451437982,7.419043943303911,7.21571049282575,4.987328964695501,-12.155572792756416,False,"0.122 m3 per 4.7 kg nominal capacity, linearly scaled"
H2P-L29,29,9-1 A,4.6,70.0,0.11940425531914892,1.052729261198358,31.460656519273492,2.0,2.0,20.0,21.8,198.99999999906868,68.94,68.94,40.3045,93.30000000000001,69.03881513490388,62.80725421248707,88.77789895955905,59.76115054767345,11.808746785135842,29.98311036868636,0.3822358251297918,0.43980457394225286,179.9999289214611,9.956110715403137,-1.1896057821966508,10.567701028096716,6.212298813668748,"{'low': 230, 'none': 2, 'medium': 82, 'high': 47}","{'low': 29.515211344938237, 'medium': 52.52502381271964, 'high': 80.3908984762552}",4.183653503219155,4.2093158466160085,idle,vehicle-target,operator-idle,180.49992872402072,target-pressure,399,2.5652316789939014,1.8419159726403214,0.09881513490388727,17.773102587669225,15.776214085164742,22.50275421248707,2.590148622814472,-4.522101040440958,False,"0.122 m3 per 4.7 kg nominal capacity, linearly scaled"
H2P-L31,31,10-1 A,4.7,70.0,0.122,1.052729261198358,31.460656519273492,2.0,2.0,40.0,3.3,1660.9100001398474,83.769,83.769,76.86900000000001,100.2,33.79838058841763,85.00461836450427,48.22155957777897,11.45390326305862,2.1485034302448414,6.479889701074063,0.695894807338235,1.0000000000000002,545.9997843950987,1.0586424521430922,-1.1323923097102835,13.815345581492762,18.95109116818326,"{'low': 1017, 'none': 1, 'medium': 75}","{'low': 30.113980139709977, 'medium': 62.11978987811702, 'high': 89.99999999999996}",4.2929761844730585,2.234139607667187,idle,safety-temperature,operator-idle,546.4997841976583,gas-temperature-limit,3191,27.204657750803413,20.312432394135982,-49.970619411582376,14.695949450219839,13.880108858748414,8.135618364504253,29.888693820757457,-51.978440422221034,False,"0.122 m3 per 4.7 kg nominal capacity, linearly scaled"
H2P-L01,1,1-2 B,4.7,70.0,0.122,1.052729261198358,31.460656519273492,2.0,4.0,20.0,18.0,284.99999998603016,80.958,80.958,66.326,99.2,76.10011190354251,78.87314808411674,92.22548825946042,54.43603565325048,9.946554218990878,28.69089934224367,0.5343039812434444,0.5365377437951891,284.99999998603016,7.1688572067881084,4.857888096457486,15.37341003722077,17.515010572290745,"{'low': 87, 'none': 29, 'medium': 33, 'high': 42}","{'low': 29.765684766223, 'medium': 52.569371573700465, 'high': 76.71818785747476}",4.781201500286116,4.480480279266509,filling,,,,,191,3.6002166784225103,2.5523828714109387,-4.857888096457486,8.440374131355979,6.656078193543353,12.537717414182794,3.071863665536343,-6.974511740539583,False,"0.122 m3 per 4.7 kg nominal capacity, linearly scaled"
H2P-L04,4,1-3 B,4.7,70.0,0.122,1.052729261198358,31.460656519273492,2.0,4.0,40.0,5.0,987.0000000111759,78.723,78.723,72.008,99.3,72.51692114811785,85.00986269414153,87.77771777099632,17.444460875008712,2.75595172920342,5.1653666348693825,0.5426314130401777,0.6822078999035992,846.0000204853714,1.5553568336004227,0.11932914497960212,19.64141411935415,23.952499491372514,"{'low': 231, 'none': 2, 'medium': 172, 'high': 160}","{'low': 30.142887259528514, 'medium': 52.529165848045174, 'high': 78.22535102347355}",5.184070496886783,4.316844907665129,idle,safety-temperature,operator-idle,847.5000205216929,gas-temperature-limit,659,4.086011595390074,3.7204551091177325,-6.206078851882154,24.477299862062402,21.15172070474922,13.001862694141536,3.8325033705238902,-11.522282229003679,False,"0.122 m3 per 4.7 kg nominal capacity, linearly scaled"
H2P-L11,11,3-1 B,4.7,70.0,0.122,1.052729261198358,31.460656519273492,2.0,4.0,40.0,15.2,323.03000015672296,77.544,77.544,76.83966666666667,94.69999999999999,56.08840866107157,85.0409187519752,72.53106687643897,44.23016724358407,8.69914188292681,23.40889186370109,0.5497029679490744,0.7137020215731709,215.4999149031937,6.904614044659488,0.44705395160254824,20.95074013629384,30.788750893943547,"{'low': 293, 'none': 2, 'medium': 122, 'high': 15}","{'low': 29.385970809783295, 'medium': 52.2554615763946, 'high': 87.1759273290496}",4.358603800280811,3.5766423196487964,idle,safety-temperature,operator-idle,215.99991470575333,gas-temperature-limit,647,7.655305899944025,4.299696743646253,-21.45559133892843,8.705947845151522,7.616445587144162,8.201252085308525,8.127631072800108,-22.16893312356102,False,"0.122 m3 per 4.7 kg nominal capacity, linearly scaled"
H2P-L13,13,4-1 B,9.8,70.0,0.25438297872340426,1.052729261198358,31.460656519273492,2.0,4.0,20.0,19.4,327.0000003743917,72.609,72.609,75.67566666666669,90.5,63.44043031061514,84.33396698651313,80.25962902724923,60.0,14.903000079853685,18.017000000000003,0.5220652704130063,0.5787229160771193,327.0000003743917,16.145757671023805,9.168569689384853,14.7507666893581,13.983094034033217,"{'low': 275, 'none': 162, 'medium': 106, 'high': 113}","{'low': 23.169311485622924, 'medium': 42.7074293290401, 'high': 64.31576791547076}",8.450711110565393,8.099993925916374,filling,,,,,584,3.4623845548089935,2.2437526863337167,-9.168569689384853,5.53162879991334,4.506792964112838,8.65830017934752,3.61912156260837,-10.240370972750767,False,"0.122 m3 per 4.7 kg nominal capacity, linearly scaled"
H2P-L19,19,6-1 A,5.9,35.0,0.15314893617021275,1.052729261198358,31.460656519273492,2.0,4.0,40.0,11.5,206.9999999832362,31.967,31.967,72.75,80.06700167504187,31.95556557941094,78.40402473505208,78.24231236886968,32.658438371377585,11.020218849138985,1.6953960617965365,0.3200391294818121,0.4426215572093911,195.99992260336876,6.562162346806572,0.14165062640883974,17.883456078968944,27.598454291520753,"{'low': 358, 'none': 1, 'medium': 34}","{'low': 27.492080241445027, 'medium': 60.66835697827879, 'high': 89.99999999999996}",4.226847998437984,2.7490433907305754,idle,vehicle-target,operator-idle,196.49992240592837,target-pressure,415,2.2381684589874875,1.8118338828153542,-0.011434420589058192,4.4389727703357185,3.9694843585102193,5.654024735052076,4.871611523977496,-1.8246893061721892,True,"0.122 m3 per 4.7 kg nominal capacity, linearly scaled"
H2P-L22,22,7-1 D,4.7,70.0,0.122,1.052729261198358,31.460656519273492,2.0,4.0,20.0,21.8,286.99999982491136,79.331,79.331,77.82233333333333,95.8,69.87898544356082,85.02998912871692,85.45732237630538,59.548635442308054,9.574497385943253,30.237597049275443,0.6672320738194344,0.7347602715747285,185.99992655217648,9.797522947166678,-1.4571230475649628,12.76890706832305,19.347138812101317,"{'low': 235, 'none': 2, 'medium': 84, 'high': 52}","{'low': 29.131361946260743, 'medium': 52.3352624492704, 'high': 79.8051919210781}",4.576791750410967,4.334387512725206,idle,safety-temperature,operator-idle,186.4999263547361,gas-temperature-limit,575,3.5635929792061973,2.5258392267652527,-9.452014556439181,8.675455390923018,7.400608776036961,7.207655795383587,4.1414031031426966,-10.342677623694613,False,"0.122 m3 per 4.7 kg nominal capacity, linearly scaled"
H2P-L29,29,9-1 A,4.6,70.0,0.11940425531914892,1.052729261198358,31.460656519273492,2.0,4.0,20.0,21.8,198.99999999906868,68.94,68.94,40.3045,93.30000000000001,69.02579578184982,62.200393965831836,88.88281621630532,59.792922995278744,11.823455205019997,30.01488456700546,0.3822358251297918,0.43945705918831135,179.9999289214611,9.966328745101999,-1.1763390324140346,10.248964206761293,6.144060457006421,"{'low': 230, 'none': 2, 'medium': 82, 'high': 47}","{'low': 29.5067447649536, 'medium': 52.50593728435971, 'high': 80.3688690336113}",4.183653503219155,4.214629523208484,idle,vehicle-target,operator-idle,180.49992872402072,target-pressure,399,2.5569704225426846,1.8354065101019712,0.08579578184982495,17.407389878682118,15.466264345350186,21.89589396583184,2.5763689811647077,-4.417183783694696,False,"0.122 m3 per 4.7 kg nominal capacity, linearly scaled"
H2P-L31,31,10-1 A,4.7,70.0,0.122,1.052729261198358,31.460656519273492,2.0,4.0,40.0,3.3,1660.9100001398474,83.769,83.769,76.86900000000001,100.2,33.928531961064515,85.00017085040952,48.377365240796394,11.416155107517604,2.14552692923665,6.442141284972276,0.695894807338235,1.0,547.4997838027775,1.0585765879897384,-1.181469494722137,13.75736380802519,18.96265304747056,"{'low': 1016, 'none': 1, 'medium': 79}","{'low': 30.121329685718337, 'medium': 62.030410856726746, 'high': 89.99999999999996}",4.2929761844730585,2.242176132982772,idle,safety-temperature,operator-idle,547.9997836053371,gas-temperature-limit,3191,27.109344024185578,20.225917557073192,-49.84046803893549,14.689630358840404,13.872774710256541,8.131170850409504,29.771666671054483,-51.82263475920361,False,"0.122 m3 per 4.7 kg nominal capacity, linearly scaled"
H2P-L01,1,1-2 B,4.7,70.0,0.122,1.052729261198358,31.460656519273492,2.0,8.0,20.0,18.0,284.99999998603016,80.958,80.958,66.326,99.2,76.09722770716726,78.61798083348367,92.26975470463414,54.45454521768139,9.950757349390116,28.709408861327905,0.5343039812434444,0.5364136487622087,284.99999998603016,7.172137522617208,4.860772292832735,15.253029972704022,17.518397888344317,"{'low': 87, 'none': 29, 'medium': 33, 'high': 42}","{'low': 29.761564872926915, 'medium': 52.56143532729973, 'high': 76.71007199374161}",4.781201500286116,4.482895778143278,filling,,,,,191,3.599436746478188,2.5512099179196266,-4.860772292832735,8.300355870479677,6.553037709322993,12.282464767285347,3.0757497861016345,-6.930245295365864,False,"0.122 m3 per 4.7 kg nominal capacity, linearly scaled"
H2P-L04,4,1-3 B,4.7,70.0,0.122,1.052729261198358,31.460656519273492,2.0,8.0,40.0,5.0,987.0000000111759,78.723,78.723,72.008,99.3,72.94139436565743,85.00767410086934,88.14566585960361,17.449253623536908,2.7309226773430404,5.1701593593339865,0.5426314130401777,0.6793700449871061,852.0000206306577,1.5503404569284764,0.19225618843930192,19.575044938843998,23.903858773989768,"{'low': 231, 'none': 2, 'medium': 172, 'high': 164}","{'low': 30.147304530406924, 'medium': 52.531210425706995, 'high': 78.01826075580088}",5.184070496886783,4.33577894135534,idle,safety-temperature,operator-idle,853.5000206669793,gas-temperature-limit,659,4.070430063225274,3.7075733414317806,-5.781605634342569,24.430429337652427,21.110813140807032,12.999674100869342,3.7406799595302824,-11.154334140396386,False,"0.122 m3 per 4.7 kg nominal capacity, linearly scaled"
H2P-L11,11,3-1 B,4.7,70.0,0.122,1.052729261198358,31.460656519273492,2.0,8.0,40.0,15.2,323.03000015672296,77.544,77.544,76.83966666666667,94.69999999999999,56.95626491834464,85.05231654373523,73.38716557735869,44.250483626520214,8.704040653387327,23.42920012973595,0.5497029679490744,0.7053036869040477,216.99991431087255,6.884708046058207,-0.059686577471374846,20.85424140400586,30.74832387750168,"{'low': 293, 'none': 2, 'medium': 122, 'high': 18}","{'low': 29.383331322800963, 'medium': 52.24689608316513, 'high': 86.64458061271725}",4.358603800280811,3.6206052830322504,idle,safety-temperature,operator-idle,217.49991411343217,gas-temperature-limit,647,7.250093857098257,4.069674510474138,-20.58773508165536,8.714152473033247,7.619512886070335,8.212649877068557,7.7136770294827475,-21.312834422641302,False,"0.122 m3 per 4.7 kg nominal capacity, linearly scaled"
H2P-L13,13,4-1 B,9.8,70.0,0.25438297872340426,1.052729261198358,31.460656519273492,2.0,8.0,20.0,19.4,327.0000003743917,72.609,72.609,75.67566666666669,90.5,63.42364372152327,84.03711259591881,80.29110427166569,60.0,14.903428702438115,18.017000000000003,0.5220652704130063,0.5785530217442064,327.0000003743917,16.155950784051253,9.185356278476725,14.66642021340248,14.00277681949835,"{'low': 275, 'none': 162, 'medium': 106, 'high': 113}","{'low': 23.16617757780594, 'medium': 42.69910435532623, 'high': 64.29910582502579}",8.450711110565393,8.103411432988782,filling,,,,,584,3.4634064970881893,2.243742989455713,-9.185356278476725,5.3775962830239,4.393842638052874,8.361445814183398,3.610305361086316,-10.208895728334312,False,"0.122 m3 per 4.7 kg nominal capacity, linearly scaled"
H2P-L19,19,6-1 A,5.9,35.0,0.15314893617021275,1.052729261198358,31.460656519273492,2.0,8.0,40.0,11.5,206.9999999832362,31.967,31.967,72.75,80.06700167504187,31.9519600314289,78.25206419362121,78.26421055231705,32.674917615339155,11.01738994674369,1.7118752184150807,0.3200391294818121,0.44254498791434554,195.99992260336876,6.5647726800091055,0.14522901321380743,17.830623358622933,27.628461938967124,"{'low': 358, 'none': 1, 'medium': 34}","{'low': 27.487976233539822, 'medium': 60.66585048618122, 'high': 89.99999999999996}",4.226847998437984,2.7498917875868676,idle,vehicle-target,operator-idle,196.49992240592837,target-pressure,415,2.2353054800764993,1.8093977656462417,-0.015039968571098683,4.364190249624,3.904590558510092,5.502064193621209,4.877677929565697,-1.8027911227248126,True,"0.122 m3 per 4.7 kg nominal capacity, linearly scaled"
H2P-L22,22,7-1 D,4.7,70.0,0.122,1.052729261198358,31.460656519273492,2.0,8.0,20.0,21.8,286.99999982491136,79.331,79.331,77.82233333333333,95.8,71.067693608519,85.0244749428872,86.5071813452963,59.567814102968654,9.50473996624449,30.256775732023094,0.6672320738194344,0.7260314087842512,188.99992536753416,9.725966075760963,-1.5774328978932886,12.663019801840674,19.236531478234458,"{'low': 235, 'none': 2, 'medium': 84, 'high': 58}","{'low': 29.131518677392993, 'medium': 52.329705686020674, 'high': 79.19740046413393}",4.576791750410967,4.38813397830491,idle,safety-temperature,operator-idle,189.49992517009377,gas-temperature-limit,575,3.1286748499835157,2.272408067867555,-8.26330639148101,8.678656085031259,7.397673541169541,7.202141609553863,3.70102970910126,-9.292818654703694,False,"0.122 m3 per 4.7 kg nominal capacity, linearly scaled"
H2P-L29,29,9-1 A,4.6,70.0,0.11940425531914892,1.052729261198358,31.460656519273492,2.0,8.0,20.0,21.8,198.99999999906868,68.94,68.94,40.3045,93.30000000000001,69.01907120457699,61.87432270283392,88.93953484190148,59.818481997070705,11.829813006570866,30.040443580406134,0.3822358251297918,0.4393023369994816,179.9999289214611,9.972186670760125,-1.1695588754419788,10.061128842024445,6.112367170519358,"{'low': 230, 'none': 2, 'medium': 82, 'high': 47}","{'low': 29.501391461407508, 'medium': 52.49571624697441, 'high': 80.35807490693236}",4.183653503219155,4.217491059671349,idle,vehicle-target,operator-idle,180.49992872402072,target-pressure,399,2.5528827447584757,1.8321668438780845,0.0790712045769908,17.1970385098872,15.283248249268059,21.569822702833925,2.568364968810576,-4.360465158098535,False,"0.122 m3 per 4.7 kg nominal capacity, linearly scaled"
H2P-L31,31,10-1 A,4.7,70.0,0.122,1.052729261198358,31.460656519273492,2.0,8.0,40.0,3.3,1660.9100001398474,83.769,83.769,76.86900000000001,100.2,34.043622650731635,85.0127205910685,48.514598483417615,11.417571887726224,2.144116325236063,6.4435580077159305,0.695894807338235,1.0000000000000002,548.9997832104564,1.0590923305880175,-1.2157503853599039,13.729754025156874,18.960985735098586,"{'low': 1016, 'none': 1, 'medium': 82}","{'low': 30.12247329097231, 'medium': 61.95986495196564, 'high': 89.99999999999996}",4.2929761844730585,2.2492539803247853,idle,safety-temperature,operator-idle,549.499783013016,gas-temperature-limit,3191,27.025167135449113,20.150258394907855,-49.72537734926837,14.696843896227822,13.878562297245573,8.143720591068487,29.66880959804129,-51.68540151658239,False,"0.122 m3 per 4.7 kg nominal capacity, linearly scaled"
H2P-L01,1,1-2 B,4.7,70.0,0.122,1.052729261198358,31.460656519273492,2.0,12.0,20.0,18.0,284.99999998603016,80.958,80.958,66.326,99.2,76.10832591393458,78.5140541042307,92.29432308441933,54.460350717166314,9.93994628609348,28.715214346398906,0.5343039812434444,0.5358690019020855,284.99999998603016,7.174647719118909,4.84967408606542,15.244498214928134,17.525273792245645,"{'low': 87, 'none': 29, 'medium': 33, 'high': 42}","{'low': 29.76012907445078, 'medium': 52.558292979408975, 'high': 76.70164770769583}",4.781201500286116,4.483325981733164,filling,,,,,191,3.6018453991046098,2.5531162033811863,-4.84967408606542,8.24701185537812,6.514216584181732,12.188054029740186,3.080851416914143,-6.9056769155806705,False,"0.122 m3 per 4.7 kg nominal capacity, linearly scaled"
H2P-L04,4,1-3 B,4.7,70.0,0.122,1.052729261198358,31.460656519273492,2.0,12.0,40.0,5.0,987.0000000111759,78.723,78.723,72.008,99.3,73.14907860468283,85.0161823284817,88.3251339250962,17.450724296950536,2.725431293153377,5.171630022489296,0.5426314130401777,0.6779771139639686,855.0000207033008,1.5478125277169896,0.2335644881140979,19.549212293901565,23.875394565778713,"{'low': 231, 'none': 2, 'medium': 172, 'high': 166}","{'low': 30.149818336905074, 'medium': 52.5325623820538, 'high': 77.91667272334993}",5.184070496886783,4.345016585119101,idle,safety-temperature,operator-idle,856.5000207396224,gas-temperature-limit,659,4.06393978852936,3.702803382075071,-5.573921395317171,24.41545778422868,21.097666864286953,13.008182328481709,3.6970876494057956,-10.974866074903801,False,"0.122 m3 per 4.7 kg nominal capacity, linearly scaled"
H2P-L11,11,3-1 B,4.7,70.0,0.122,1.052729261198358,31.460656519273492,2.0,12.0,40.0,15.2,323.03000015672296,77.544,77.544,76.83966666666667,94.69999999999999,57.23496971278507,85.04134097323941,73.66165545220646,44.25680996396093,8.704710382967857,23.435520149316016,0.5497029679490744,0.702658774578605,217.49991411343217,6.878235705311431,-0.2169269038261703,20.82883030645993,30.7424748535338,"{'low': 293, 'none': 2, 'medium': 122, 'high': 19}","{'low': 29.382381474861237, 'medium': 52.243585261210384, 'high': 86.47509033525046}",4.358603800280811,3.6347109296979836,idle,safety-temperature,operator-idle,217.99991391599178,gas-temperature-limit,647,7.122059147791528,3.9984731576677786,-20.309030287214924,8.71156719212146,7.615293170080821,8.201674306572741,7.582717980945459,-21.03834454779353,False,"0.122 m3 per 4.7 kg nominal capacity, linearly scaled"
H2P-L13,13,4-1 B,9.8,70.0,0.25438297872340426,1.052729261198358,31.460656519273492,2.0,12.0,20.0,19.4,327.0000003743917,72.609,72.609,75.67566666666669,90.5,63.41725706937645,83.92670271630294,80.30277330563146,60.0,14.904166770378781,18.017000000000003,0.5220652704130063,0.5784893818388334,327.0000003743917,16.159741694875056,9.191742930623548,14.645532511695569,14.015039421159502,"{'low': 275, 'none': 162, 'medium': 106, 'high': 113}","{'low': 23.165154073916796, 'medium': 42.69579993074806, 'high': 64.29299204880164}",8.450711110565393,8.104702639109538,filling,,,,,584,3.463739820023303,2.2435986133421695,-9.191742930623548,5.320751557508952,4.352475170272488,8.251035952639839,3.6070147535554473,-10.197226694368538,False,"0.122 m3 per 4.7 kg nominal capacity, linearly scaled"
H2P-L19,19,6-1 A,5.9,35.0,0.15314893617021275,1.052729261198358,31.460656519273492,2.0,12.0,40.0,11.5,206.9999999832362,31.967,31.967,72.75,80.06700167504187,31.950361718616023,78.19637061445991,78.27166428171888,32.68005749579168,11.016448622806633,1.7170150467035015,0.3200391294818121,0.44252148553496096,195.99992260336876,6.565668976870966,0.14680949471190985,17.8167569889136,27.643861349447103,"{'low': 358, 'none': 1, 'medium': 34}","{'low': 27.48657725405387, 'medium': 60.66494463693609, 'high': 89.99999999999996}",4.226847998437984,2.7501806605326795,idle,vehicle-target,operator-idle,196.49992240592837,target-pressure,415,2.2343179902478254,1.8085403829501636,-0.01663828138397605,4.339197715321221,3.88265755407005,5.446370614459909,4.87985723263705,-1.7953373933229813,True,"0.122 m3 per 4.7 kg nominal capacity, linearly scaled"
H2P-L22,22,7-1 D,4.7,70.0,0.122,1.052729261198358,31.460656519273492,2.0,12.0,20.0,21.8,286.99999982491136,79.331,79.331,77.82233333333333,95.8,71.43593005579714,85.0005642067099,86.83602477326662,59.573760002535664,9.486787564286086,30.26272160717918,0.6672320738194344,0.7233613143015629,189.9999249726534,9.702712641546885,-1.588140937425365,12.632731376869588,19.20661190003671,"{'low': 235, 'none': 2, 'medium': 84, 'high': 60}","{'low': 29.13150210664727, 'medium': 52.32732033545384, 'high': 79.00869486002308}",4.576791750410967,4.404966284419223,idle,safety-temperature,operator-idle,190.499924775213,gas-temperature-limit,575,3.0108842905614344,2.2086988319567933,-7.895069944202859,8.672505649753965,7.3883465898899425,7.178230873376563,3.5723659135931465,-8.963975226733382,False,"0.122 m3 per 4.7 kg nominal capacity, linearly scaled"
H2P-L29,29,9-1 A,4.6,70.0,0.11940425531914892,1.052729261198358,31.460656519273492,2.0,12.0,20.0,21.8,198.99999999906868,68.94,68.94,40.3045,93.30000000000001,69.01666174360574,61.752041166913955,88.96090752579161,59.82658929391495,11.832057934216046,30.04855083876508,0.3822358251297918,0.43924367194837355,179.9999289214611,9.974378367186777,-1.1671091211904638,9.99319287233159,6.103600241202523,"{'low': 230, 'none': 2, 'medium': 82, 'high': 47}","{'low': 29.49948790167607, 'medium': 52.49167688582715, 'high': 80.35408773303192}",4.183653503219155,4.2185696105379495,idle,vehicle-target,operator-idle,180.49992872402072,target-pressure,399,2.5513003601072097,1.8309164710793633,0.07666174360574018,17.117793046139273,15.213780981875633,21.447541166913958,2.5654392329396525,-4.3390924742084,False,"0.122 m3 per 4.7 kg nominal capacity, linearly scaled"
H2P-L31,31,10-1 A,4.7,70.0,0.122,1.052729261198358,31.460656519273492,2.0,12.0,40.0,3.3,1660.9100001398474,83.769,83.769,76.86900000000001,100.2,34.043560459630136,85.00250139675427,48.515716752820694,11.417961427365926,2.144136371469463,6.443947523210717,0.695894807338235,0.9999999999999998,548.9997832104564,1.059120555102158,-1.2156855450757007,13.722493437872492,18.969994229198605,"{'low': 1016, 'none': 1, 'medium': 82}","{'low': 30.122203262531148, 'medium': 61.95965464054228, 'high': 89.99999999999996}",4.2929761844730585,2.249310141441394,idle,safety-temperature,operator-idle,549.499783013016,gas-temperature-limit,3191,27.025213115892633,20.15031099642153,-49.72543954036987,14.688800688955764,13.871036565678123,8.133501396754255,29.667957344920797,-51.68428324717931,False,"0.122 m3 per 4.7 kg nominal capacity, linearly scaled"
H2P-L01,1,1-2 B,4.7,70.0,0.122,1.052729261198358,31.460656519273492,2.0,16.0,20.0,18.0,284.99999998603016,80.958,80.958,66.326,99.2,76.1077910372869,78.46409614826081,92.30303106008795,54.46282578760924,9.939341957952568,28.717689438886435,0.5343039812434444,0.5358059356095327,284.99999998603016,7.175284618985308,4.850208962713097,15.228157993514602,17.5301482827429,"{'low': 87, 'none': 29, 'medium': 33, 'high': 42}","{'low': 29.759407486831755, 'medium': 52.55658833038904, 'high': 76.70010072075586}",4.781201500286116,4.484072263051582,filling,,,,,191,3.6017004643851087,2.5528753329460203,-4.850208962713097,8.219799786058106,6.494325322178492,12.138096073595833,3.081755231119972,-6.896968939912057,False,"0.122 m3 per 4.7 kg nominal capacity, linearly scaled"
H2P-L04,4,1-3 B,4.7,70.0,0.122,1.052729261198358,31.460656519273492,2.0,16.0,40.0,5.0,987.0000000111759,78.723,78.723,72.008,99.3,73.14909425992701,85.00305787914948,88.32749826130566,17.451378612670585,2.725384391190029,5.172284336858137,0.5426314130401777,0.6779882966600469,855.0000207033008,1.547883478679384,0.23354778673292742,19.543784895464967,23.882376855931966,"{'low': 231, 'none': 2, 'medium': 172, 'high': 166}","{'low': 30.149494697527484, 'medium': 52.532126761868234, 'high': 77.91641897952675}",5.184070496886783,4.345188625310281,idle,safety-temperature,operator-idle,856.5000207396224,gas-temperature-limit,659,4.063952273660881,3.70279521222493,-5.573905740072988,24.40469936432892,21.08857982130869,12.995057879149485,3.6968512787750663,-10.972501738694334,False,"0.122 m3 per 4.7 kg nominal capacity, linearly scaled"
H2P-L11,11,3-1 B,4.7,70.0,0.122,1.052729261198358,31.460656519273492,2.0,16.0,40.0,15.2,323.03000015672296,77.544,77.544,76.83966666666667,94.69999999999999,57.5091174694025,85.07483305007895,73.92328062682923,44.25972758783274,8.704104180291711,23.438427873336583,0.5497029679490744,0.7001172396843021,217.99991391599178,6.871119945808217,-0.3695046525100878,20.807447424704815,30.723768970967118,"{'low': 293, 'none': 2, 'medium': 122, 'high': 20}","{'low': 29.382259298263875, 'medium': 52.242026737554916, 'high': 86.31036187541835}",4.358603800280811,3.648151709561739,idle,safety-temperature,operator-idle,218.4999137185514,gas-temperature-limit,647,6.997182760884409,3.9296527704162023,-20.0348825305975,8.726497108721007,7.625487961059102,8.235166383412277,7.458719500414812,-20.776719373170764,False,"0.122 m3 per 4.7 kg nominal capacity, linearly scaled"
H2P-L13,13,4-1 B,9.8,70.0,0.25438297872340426,1.052729261198358,31.460656519273492,2.0,16.0,20.0,19.4,327.0000003743917,72.609,72.609,75.67566666666669,90.5,63.41356255101763,83.86896475276984,80.30860420384093,60.0,14.899436969412186,18.017000000000003,0.5220652704130063,0.5778402800810543,327.0000003743917,16.161712386427567,9.195437448982368,14.63597417851499,14.022642965414752,"{'low': 275, 'none': 162, 'medium': 106, 'high': 113}","{'low': 23.164653348187436, 'medium': 42.69413292592419, 'high': 64.28998100929846}",8.450711110565393,8.105263141756144,filling,,,,,584,3.4635405043484706,2.24335010290593,-9.195437448982368,5.291142470732903,4.330754552497407,8.193298000811055,3.604993555445606,-10.191395796159071,False,"0.122 m3 per 4.7 kg nominal capacity, linearly scaled"
H2P-L19,19,6-1 A,5.9,35.0,0.15314893617021275,1.052729261198358,31.460656519273492,2.0,16.0,40.0,11.5,206.9999999832362,31.967,31.967,72.75,80.06700167504187,31.94942360759466,78.16671702376999,78.27545306712429,32.682426202315334,11.015982416629605,1.719383708988012,0.3200391294818121,0.44250996006867027,195.99992260336876,6.566120204823665,0.14773942639044435,17.810661225521166,27.652866478309594,"{'low': 358, 'none': 1, 'medium': 34}","{'low': 27.485876357026235, 'medium': 60.664460233286, 'high': 89.99999999999996}",4.226847998437984,2.750326785462452,idle,vehicle-target,operator-idle,196.49992240592837,target-pressure,415,2.2338165560573504,1.8080992969171186,-0.01757639240533848,4.326669373783146,3.8716293671649638,5.416717023769991,4.880970762996648,-1.7915486079175764,True,"0.122 m3 per 4.7 kg nominal capacity, linearly scaled"
H2P-L22,22,7-1 D,4.7,70.0,0.122,1.052729261198358,31.460656519273492,2.0,16.0,20.0,21.8,286.99999982491136,79.331,79.331,77.82233333333333,95.8,71.79353666630789,85.02176135899265,87.14590280236712,59.57632280183746,9.47103273895636,30.265284378220095,0.6672320738194344,0.7208236012593757,190.99992457777262,9.678882833130888,-1.5881379227872543,12.61050905583962,19.169041557384876,"{'low': 235, 'none': 2, 'medium': 84, 'high': 62}","{'low': 29.132205468628094, 'medium': 52.32638708497887, 'high': 78.82866764821473}",4.576791750410967,4.420817670482815,idle,safety-temperature,operator-idle,191.49992438033223,gas-temperature-limit,575,2.9051862791140004,2.1530016490610406,-7.537463333692116,8.681825087857574,7.394315273921403,7.199428025659316,3.456240963612003,-8.654097197632879,False,"0.122 m3 per 4.7 kg nominal capacity, linearly scaled"
H2P-L29,29,9-1 A,4.6,70.0,0.11940425531914892,1.052729261198358,31.460656519273492,2.0,16.0,20.0,21.8,198.99999999906868,68.94,68.94,40.3045,93.30000000000001,69.01540097239403,61.68666011308818,88.97236010879,59.830213331374594,11.833265614474522,30.05217483649934,0.3822358251297918,0.43921107327814923,179.9999289214611,9.975534569861223,-1.1658190123200711,9.95838611310137,6.099918943127715,"{'low': 230, 'none': 2, 'medium': 82, 'high': 47}","{'low': 29.498524594370245, 'medium': 52.489478700207165, 'high': 80.35192285589365}",4.183653503219155,4.219148193055359,idle,vehicle-target,operator-idle,180.49992872402072,target-pressure,399,2.550425173464691,1.8302311558699829,0.07540097239403565,17.07577229633217,15.17691267329182,21.382160113088183,2.563923244166736,-4.327639891210012,False,"0.122 m3 per 4.7 kg nominal capacity, linearly scaled"
H2P-L31,31,10-1 A,4.7,70.0,0.122,1.052729261198358,31.460656519273492,2.0,16.0,40.0,3.3,1660.9100001398474,83.769,83.769,76.86900000000001,100.2,34.081136606884044,85.01037545107403,48.56027131902069,11.418166496804545,2.1434450501502367,6.4441525732913,0.695894807338235,1.0,549.499783013016,1.0592985336194305,-1.2260415685138923,13.717134045251871,18.96609305089287,"{'low': 1016, 'none': 1, 'medium': 83}","{'low': 30.122708988006114, 'medium': 61.93662209634768, 'high': 89.99999999999996}",4.2929761844730585,2.2516075930247403,idle,safety-temperature,operator-idle,549.9997828155756,gas-temperature-limit,3191,26.997742907887993,20.125623654861148,-49.68786339311596,14.694201634454577,13.875807699035462,8.141375451074012,29.634585362684266,-51.63972868097931,False,"0.122 m3 per 4.7 kg nominal capacity, linearly scaled"
