case_id,lab_test_number,test_code,tank_capacity_kg,tank_volume_assumed_m3,effective_volume_multiplier,gas_liner_ua_multiplier,dispenser_flow_area_multiplier,chamber_temperature_c,scheduled_aprr_mpa_min,experimental_duration_s,experimental_final_pressure_mpa,experimental_peak_temperature_c,experimental_final_soc_percent,predicted_final_pressure_mpa,predicted_peak_temperature_c,predicted_final_soc_percent,predicted_peak_mass_flow_g_s,experimental_transferred_mass_kg,predicted_transferred_mass_kg,final_fueling_phase,final_stop_reason,controller_final_stop_reason,first_stop_time_s,first_stop_reason,sample_count,pressure_rmse_mpa,pressure_mae_mpa,pressure_final_error_mpa,temperature_rmse_c,temperature_mae_c,temperature_peak_error_c,soc_rmse_percentage_points,soc_final_error_percentage_points,screening_pass,volume_assumption
H2P-L03,3,1-2 D,4.7,0.122,1.0519881596076546,64.43011313151457,1.25,20.0,18.0,292.00000036507845,82.065,70.86,99.0,76.04233215936554,83.72524244863297,91.30736594922286,50.540378038384716,4.872684002071736,4.4576267959127325,filling,,,,,202,4.637254465621066,3.731876445359827,-6.022667840634455,9.121558888121786,7.708249031912027,12.852859451694911,5.680162299883918,-7.692634050777144,False,"0.122 m3 per 4.7 kg nominal capacity, linearly scaled"
H2P-L09,9,1-5 A,4.7,0.122,1.0519881596076546,64.43011313151457,1.25,0.0,35.0,198.5,81.128,71.926,97.7,76.07430707144195,79.73913595343714,91.92199128917154,60.0,4.55563275,4.481098006914397,filling,,,,,398,8.80536229947374,7.141104214668144,-5.05369292855805,5.923321169327185,5.126016679422268,7.81313595343714,9.733274558843526,-5.778008710828459,False,"0.122 m3 per 4.7 kg nominal capacity, linearly scaled"
H2P-L12,12,4-1 A,9.8,0.25438297872340426,1.0519881596076546,64.43011313151457,1.25,20.0,19.4,328.4999997820705,70.729,77.334,87.0,63.28787300598247,82.06080227106389,79.95662702940595,60.0,8.28023274974014,8.140645326076088,filling,,,,,658,10.576973566359559,8.859319350295305,-7.44112699401753,8.237678346152732,7.368793244021858,4.726802212263806,11.679125185937359,-7.043372970594049,False,"0.122 m3 per 4.7 kg nominal capacity, linearly scaled"
H2P-L15,15,5-1 B,4.7,0.122,1.0519881596076546,64.43011313151457,1.25,40.0,11.5,411.00999971386045,80.223,76.98100000000001,98.1,57.327170641346434,85.03726175769265,73.75224333187172,31.569409409072254,4.21697980934889,3.302732676115079,idle,safety-temperature,operator-idle,271.4998927898705,gas-temperature-limit,821,8.44098727677821,5.982553298703423,-22.895829358653565,13.317382812302515,11.755629941091497,8.056261757692639,9.642996301198734,-24.34775666812827,False,"0.122 m3 per 4.7 kg nominal capacity, linearly scaled"
H2P-L18,18,5-2 C,4.7,0.122,1.0519881596076546,64.43011313151457,1.25,0.0,28.5,191.9999996200204,81.009,76.20833333333333,96.6,76.17713708826362,81.98298369408349,91.49594917262338,60.0,4.552829680729495,4.410097317395117,filling,,,,,371,8.10790920214203,6.145694949705809,-4.83186291173638,5.046127615395764,4.416430024608281,5.77464466881888,8.59311203211914,-5.104050827376611,False,"0.122 m3 per 4.7 kg nominal capacity, linearly scaled"
H2P-L21,21,6-3 A,5.9,0.15314893617021275,1.0519881596076546,64.43011313151457,1.25,40.0,6.4,391.19999979157,41.353,72.88766666666666,98.65996649916248,41.2621546139016,82.4025325951078,57.24992415046513,26.116264462897103,5.288534500474215,3.4321458391005693,idle,vehicle-target,operator-idle,352.9998606070876,target-pressure,783,1.312721122380773,0.8323911656054686,-0.09084538609840109,6.543762857643309,5.660775969440776,9.51486592844114,22.79735970554775,-41.41004234869735,False,"0.122 m3 per 4.7 kg nominal capacity, linearly scaled"
H2P-L24,24,7-2 A,4.7,0.122,1.0519881596076546,64.43011313151457,1.25,20.0,21.8,309.50999956112355,81.481,76.30933333333333,98.2,71.19268583644502,85.03692258237038,86.61534721376975,57.37315610970498,4.622711578773544,4.251258150292076,idle,safety-temperature,operator-idle,200.9999206289649,gas-temperature-limit,568,6.339609693607129,5.051457364407081,-10.288314163554972,9.890599306929913,8.657464407134453,8.727589249037052,7.436042720854721,-11.58465278623025,False,"0.122 m3 per 4.7 kg nominal capacity, linearly scaled"
H2P-L27,27,8-2 B,4.7,0.122,1.0519881596076546,64.43011313151457,1.25,20.0,21.8,379.4999997597188,82.376,72.59033333333332,99.0,71.05157679182724,85.0431468421666,86.48963254318244,57.08692874939285,4.506945776762185,4.138212426300648,idle,safety-temperature,operator-idle,197.99992181360722,gas-temperature-limit,760,6.055275608292069,4.752407831587737,-11.32442320817276,11.631284900726572,10.637454550148261,12.452813508833287,5.858050337444756,-12.510367456817562,False,"0.122 m3 per 4.7 kg nominal capacity, linearly scaled"
H2P-L30,30,9-2 A,4.6,0.11940425531914892,1.0519881596076546,64.43011313151457,1.25,40.0,11.5,398.0099998181686,76.021,40.788,99.6,75.64358114657412,63.43553467374272,94.74449826765068,34.179753112110994,4.467667633565481,4.500310544375868,filling,,,,,768,4.098032513257939,3.3392460849019714,-0.3774188534258798,16.052064945111965,14.067837721789191,22.64752550350856,4.823473554392707,-4.85550173234931,False,"0.122 m3 per 4.7 kg nominal capacity, linearly scaled"
H2P-L33,33,11-1 A,9.8,0.25438297872340426,1.0519881596076546,64.43011313151457,1.25,50.0,7.6,593.0199999595061,81.172,79.943,96.3,54.4221460918794,85.01967846848663,70.87353919656242,54.15552646923705,8.551693010704767,6.595388697073368,idle,safety-temperature,operator-idle,376.4998513273895,gas-temperature-limit,1107,11.045269818416335,8.498336645290985,-26.7498539081206,6.442750368433254,5.46743892584237,5.076678468486634,11.722635064019544,-25.42646080343758,False,"0.122 m3 per 4.7 kg nominal capacity, linearly scaled"
H2P-L36,36,FM 3,4.7,0.122,1.0519881596076546,64.43011313151457,1.25,20.0,18.0,248.00000013783574,72.36,61.61266666666668,92.1958442803938,72.44400022370212,77.75799850268493,89.02652746474398,51.44253493635281,4.179262502176361,4.3400010398841316,idle,vehicle-target,operator-idle,232.00005423277617,target-pressure,249,9.92317897339222,8.212474348838699,0.08400022370211957,8.76641955998924,7.206682105285555,16.14533183601825,13.26058375636899,-3.1693168156498217,False,"0.122 m3 per 4.7 kg nominal capacity, linearly scaled"
