case_id,lab_test_number,test_code,tank_capacity_kg,nominal_working_pressure_mpa,tank_volume_assumed_m3,geometry_basis,effective_volume_multiplier,gas_liner_ua_multiplier,vehicle_tank_thermal_model,vehicle_internal_diameter_m,vehicle_internal_length_m,vehicle_inlet_nozzle_diameter_m,vehicle_equivalent_capsule_aspect_ratio,vehicle_geometry_derivation,dispenser_flow_area_multiplier,precooler_duty_multiplier,bank_internal_volume_m3,chamber_temperature_c,scheduled_aprr_mpa_min,experimental_duration_s,experimental_final_pressure_mpa,model_target_pressure_mpa,experimental_peak_temperature_c,experimental_final_soc_percent,predicted_final_pressure_mpa,predicted_peak_temperature_c,predicted_final_soc_percent,predicted_peak_mass_flow_g_s,mass_flow_rmse_g_s,mass_flow_peak_error_g_s,experimental_first_half_mass_fraction,predicted_first_half_mass_fraction,active_fueling_duration_s,active_pressure_reference_tracking_rmse_mpa,active_pressure_reference_final_lag_mpa,active_hose_inlet_temperature_rmse_c,active_precooler_outlet_temperature_rmse_c,active_dispatch_sample_counts,bank_pressures_at_active_end_mpa,experimental_transferred_mass_kg,predicted_transferred_mass_kg,final_fueling_phase,final_stop_reason,controller_final_stop_reason,first_stop_time_s,first_stop_reason,sample_count,pressure_rmse_mpa,pressure_mae_mpa,pressure_final_error_mpa,temperature_rmse_c,temperature_mae_c,temperature_peak_error_c,soc_rmse_percentage_points,soc_final_error_percentage_points,screening_pass,volume_assumption
H2P-L03,3,1-2 D,4.7,70.0,0.11699316780055986,capacity_eos,1.052729261198358,31.460656519273492,mixed_convection,0.29733610690496937,1.4866805345248468,0.003,5.0,volume_preserving_equivalent_capsule,2.0,8.0,"[0.35, 0.35, 0.35]",20.0,18.0,292.00000036507845,82.065,82.065,70.86,99.0,75.19244719790036,80.06646092958357,91.23019884358268,45.969699029955926,8.628385461617972,20.827823233739036,0.5384459574340208,0.5965506972258428,292.00000036507845,7.053888128418115,6.872552802099634,15.963175664277225,17.717689509671054,"{'low': 131, 'none': 52, 'medium': 48, 'high': 62}","{'low': 30.59493005715419, 'medium': 52.348259838130126, 'high': 75.98528742890353}",4.872684002071736,4.291525979988563,filling,,,,,202,3.029195172632341,2.158021618846011,-6.872552802099634,7.49905328369124,6.301347224688606,9.206459723402787,2.9016507851075892,-7.769801156417316,False,hydrogen EOS density at declared nominal working pressure and 15 °C
H2P-L09,9,1-5 A,4.7,70.0,0.11699316780055986,capacity_eos,1.052729261198358,31.460656519273492,mixed_convection,0.29733610690496937,1.4866805345248468,0.003,5.0,volume_preserving_equivalent_capsule,2.0,8.0,"[0.35, 0.35, 0.35]",0.0,35.0,198.5,81.128,81.128,71.926,97.7,75.21246127962796,77.93559773899523,91.79275947592674,60.0,14.031361520058216,23.705,0.5561983678337549,0.6231516213541614,198.5,13.843961512652974,5.915538720372041,12.175568040625187,10.871304585313574,"{'low': 174, 'none': 111, 'medium': 56, 'high': 57}","{'low': 30.757204267060747, 'medium': 52.570630426137, 'high': 76.19288021328919}",4.55563275,4.297079137450536,filling,,,,,398,4.219739612270785,2.9115947506289506,-5.915538720372041,4.913053920275833,4.218294313510054,6.009597738995225,3.684182484330179,-5.907240524073259,False,hydrogen EOS density at declared nominal working pressure and 15 °C
H2P-L12,12,4-1 A,9.8,70.0,0.24394320094584823,capacity_eos,1.052729261198358,31.460656519273492,mixed_convection,0.3798601394948233,1.8993006974741165,0.003,5.0,volume_preserving_equivalent_capsule,2.0,8.0,"[0.35, 0.35, 0.35]",20.0,19.4,328.4999997820705,70.729,70.729,77.334,87.0,63.2224620704062,80.45846883194599,80.5262859540959,60.0,15.433339909554796,22.323999999999998,0.5161772483843288,0.5714518241608112,328.4999997820705,16.185525940839828,7.506537929593797,14.542844028163634,13.91776577451968,"{'low': 283, 'none': 160, 'medium': 106, 'high': 110}","{'low': 23.643261728904832, 'medium': 42.65440662337836, 'high': 64.11833006983888}",8.28023274974014,7.876189020728443,filling,,,,,658,3.6925960200495074,2.560245058764616,-7.506537929593797,6.6003951716719085,5.511571266039362,3.124468053345666,3.5629597117618195,-6.473714045904103,False,hydrogen EOS density at declared nominal working pressure and 15 °C
H2P-L15,15,5-1 B,4.7,70.0,0.11699316780055986,capacity_eos,1.052729261198358,31.460656519273492,mixed_convection,0.29733610690496937,1.4866805345248468,0.003,5.0,volume_preserving_equivalent_capsule,2.0,8.0,"[0.35, 0.35, 0.35]",40.0,11.5,411.00999971386045,80.223,80.223,76.98100000000001,98.1,64.64382173150013,85.00753126822275,80.71784435071771,29.927624392433422,5.9168233881218875,13.97551657816242,0.5730215032414173,0.7134354088772075,293.99988390505314,4.4523229155372475,-3.0318622233919044,16.531677966135906,25.520650108878066,"{'low': 339, 'none': 2, 'medium': 162, 'high': 86}","{'low': 31.68274285206983, 'medium': 52.59560509160624, 'high': 81.06344837193664}",4.21697980934889,3.5182702321597614,idle,gas-temperature-limit,operator-idle,294.49988370761275,gas-temperature-limit,821,4.880678618841866,3.1401926543706664,-15.579178268499874,12.87916139045959,11.257491279271166,8.02653126822274,5.604546689381135,-17.382155649282282,False,hydrogen EOS density at declared nominal working pressure and 15 °C
H2P-L18,18,5-2 C,4.7,70.0,0.11699316780055986,capacity_eos,1.052729261198358,31.460656519273492,mixed_convection,0.29733610690496937,1.4866805345248468,0.003,5.0,volume_preserving_equivalent_capsule,2.0,8.0,"[0.35, 0.35, 0.35]",0.0,28.5,191.9999996200204,81.009,81.009,76.20833333333333,96.6,75.42073390825531,79.09953805902586,91.56821555579236,60.0,11.906339518454233,23.979999999999997,0.4476870463793886,0.47209488345088546,191.9999996200204,11.513596775913435,5.588266091744686,8.580428235255155,8.183768981838371,"{'low': 194, 'none': 61, 'medium': 65, 'high': 66}","{'low': 30.965630190715782, 'medium': 52.61288062240317, 'high': 76.32719671370177}",4.552829680729495,4.240653926948417,filling,,,,,371,2.6473974196743844,2.1277871073544885,-5.588266091744686,3.14907749129631,2.6309576186331496,2.891203907867691,2.899610048150818,-5.031784444207631,False,hydrogen EOS density at declared nominal working pressure and 15 °C
H2P-L21,21,6-3 A,5.9,35.0,0.2458849681436105,capacity_eos,1.052729261198358,31.460656519273492,mixed_convection,0.380865361867524,1.90432680933762,0.003,5.0,volume_preserving_equivalent_capsule,2.0,8.0,"[0.35, 0.35, 0.35]",40.0,6.4,391.19999979157,41.353,41.353,72.88766666666666,98.65996649916248,41.27833641718391,78.79463133855006,96.69768951704617,41.33033341006738,7.096849864974202,21.413322185368152,0.4110526735826688,0.41789318139163584,372.49985290691257,5.332517620388361,0.206752188822243,14.244494339196976,23.841965795534687,"{'low': 523, 'none': 2, 'medium': 218, 'high': 3}","{'low': 23.37003132937353, 'medium': 42.13591873364122, 'high': 88.74322952309805}",5.288534500474215,5.572219314510445,idle,vehicle-target,operator-idle,372.9998527094722,target-pressure,783,1.3463883939205608,0.9157791262701793,-0.07466358281609331,6.519611585355557,5.411171755195704,5.906964671883401,2.4934114293667156,-1.9622769821163075,True,hydrogen EOS density at declared nominal working pressure and 15 °C
H2P-L24,24,7-2 A,4.7,70.0,0.11699316780055986,capacity_eos,1.052729261198358,31.460656519273492,mixed_convection,0.29733610690496937,1.4866805345248468,0.003,5.0,volume_preserving_equivalent_capsule,2.0,8.0,"[0.35, 0.35, 0.35]",20.0,21.8,309.50999956112355,81.481,81.481,76.30933333333333,98.2,75.06078623277139,81.7322199524059,91.10432071665447,54.014905257250184,7.972093396241811,25.054834793272512,0.6990587783591325,0.743731672156888,309.50999956112355,8.251419418314518,6.420213767228603,18.341627919655565,16.738687212233938,"{'low': 232, 'none': 207, 'medium': 81, 'high': 101}","{'low': 30.589096045725167, 'medium': 52.31618236473358, 'high': 75.91249173865751}",4.622711578773544,4.305696389524879,filling,,,,,568,2.8585179638157823,2.1569790193903766,-6.420213767228603,7.2674401048644,6.267197046161563,5.422775994200194,2.9486138619649687,-7.095679283345532,False,hydrogen EOS density at declared nominal working pressure and 15 °C
H2P-L27,27,8-2 B,4.7,70.0,0.11699316780055986,capacity_eos,1.052729261198358,31.460656519273492,mixed_convection,0.29733610690496937,1.4866805345248468,0.003,5.0,volume_preserving_equivalent_capsule,2.0,8.0,"[0.35, 0.35, 0.35]",20.0,21.8,379.4999997597188,82.376,82.376,72.59033333333332,99.0,75.02202108043768,81.89552262028519,91.34822025916702,53.64141879673634,10.632702549636099,25.745348250785447,0.7067440865648169,0.9674963223079858,379.4999997597188,8.188310858415226,7.353978919562323,21.025230477244893,15.067998973234218,"{'low': 228, 'none': 350, 'medium': 81, 'high': 102}","{'low': 31.10767161640851, 'medium': 52.535273686985306, 'high': 75.94093920106414}",4.506945776762185,4.214504908704436,filling,,,,,760,8.852057663607948,6.576618430094099,-7.353978919562323,8.363212174352986,7.637745669186981,9.30518845302862,7.923559890872798,-7.651779740832978,False,hydrogen EOS density at declared nominal working pressure and 15 °C
H2P-L30,30,9-2 A,4.6,70.0,0.11450395146437772,capacity_eos,1.052729261198358,31.460656519273492,mixed_convection,0.2952122050672711,1.4760610253363553,0.003,5.0,volume_preserving_equivalent_capsule,2.0,8.0,"[0.35, 0.35, 0.35]",40.0,11.5,398.0099998181686,76.021,76.021,40.788,99.6,74.782503638485,60.26452367374162,94.55732916977333,31.924516280743052,4.982219122173579,13.116492528405207,0.5631202680772514,0.5979202049711008,398.0099998181686,4.31009905959219,1.2384963615150042,15.023860439813935,5.724921344671835,"{'low': 353, 'none': 41, 'medium': 164, 'high': 240}","{'low': 30.244866009999967, 'medium': 51.90812408260232, 'high': 75.77334806459773}",4.467667633565481,4.315775095810214,filling,,,,,768,2.738720398255747,2.038076633072189,-1.2384963615150042,14.582140693143954,13.218708511249124,19.476381877451686,1.6437044506540428,-5.042670830226669,False,hydrogen EOS density at declared nominal working pressure and 15 °C
H2P-L33,33,11-1 A,9.8,70.0,0.24394320094584823,capacity_eos,1.052729261198358,31.460656519273492,mixed_convection,0.3798601394948233,1.8993006974741165,0.003,5.0,volume_preserving_equivalent_capsule,2.0,8.0,"[0.35, 0.35, 0.35]",50.0,7.6,593.0199999595061,81.172,81.172,79.943,96.3,63.316137496137976,82.75891485425325,80.1764659168597,46.853212429649496,8.972577924700587,25.16016589834795,0.5648425101416064,0.6736578241878312,593.0199999595061,6.854995964545439,17.039729165399457,20.609590716837438,20.904423349515913,"{'low': 446, 'none': 292, 'medium': 179, 'high': 271}","{'low': 25.491544817275454, 'medium': 43.41147784231599, 'high': 64.21386409733881}",8.551693010704767,7.290056339385107,filling,,,,,1107,6.085219866164494,4.078623611865877,-17.85586250386202,5.359507232434192,4.18603257701428,2.815802863463958,5.894048786930456,-16.1235340831403,False,hydrogen EOS density at declared nominal working pressure and 15 °C
H2P-L36,36,FM 3,4.7,70.0,0.11699316780055986,capacity_eos,1.052729261198358,31.460656519273492,mixed_convection,0.29733610690496937,1.4866805345248468,0.003,5.0,volume_preserving_equivalent_capsule,2.0,8.0,"[0.35, 0.35, 0.35]",20.0,18.0,248.00000013783574,72.36,72.36,61.61266666666668,92.1958442803938,72.30739624512896,73.76556775196252,89.64625543166078,46.42169979549156,10.309965176367253,19.964696281765455,0.6018802352950412,0.4660138163956506,225.0000525964424,7.71980534707717,-2.346368100851649,8.696067858365108,12.329792285417936,"{'low': 131, 'none': 2, 'medium': 48, 'high': 45}","{'low': 30.33503690118598, 'medium': 52.05524497343299, 'high': 77.15725371183797}",4.179262502176361,4.212091193402748,idle,vehicle-target,operator-idle,226.00005283020437,target-pressure,249,5.744229254807893,4.789460604369058,-0.05260375487104341,7.6740030181422,6.474117537404517,12.152901085295845,7.546707420621199,-2.5495888487330234,False,hydrogen EOS density at declared nominal working pressure and 15 °C
